-- phpMyAdmin SQL Dump
-- version 5.2.0
-- https://www.phpmyadmin.net/
--
-- Hôte : localhost
-- Généré le : dim. 19 juin 2022 à 16:51
-- Version du serveur : 10.4.24-MariaDB
-- Version de PHP : 8.1.6

SET SQL_MODE = "NO_AUTO_VALUE_ON_ZERO";
START TRANSACTION;
SET time_zone = "+00:00";


/*!40101 SET @OLD_CHARACTER_SET_CLIENT=@@CHARACTER_SET_CLIENT */;
/*!40101 SET @OLD_CHARACTER_SET_RESULTS=@@CHARACTER_SET_RESULTS */;
/*!40101 SET @OLD_COLLATION_CONNECTION=@@COLLATION_CONNECTION */;
/*!40101 SET NAMES utf8mb4 */;

--
-- Base de données : `SAE23`
--

-- --------------------------------------------------------

--
-- Structure de la table `Administration`
--

CREATE TABLE `Administration` (
  `login` varchar(50) NOT NULL,
  `password` varchar(255) NOT NULL
) ENGINE=InnoDB DEFAULT CHARSET=latin1;

--
-- Déchargement des données de la table `Administration`
--

INSERT INTO `Administration` (`login`, `password`) VALUES
('admin@gmail.com', 'd033e22ae348aeb5660fc2140aec35850c4da997');

-- --------------------------------------------------------

--
-- Structure de la table `Batiment`
--

CREATE TABLE `Batiment` (
  `name` varchar(4) NOT NULL,
  `login` varchar(30) NOT NULL,
  `password` varchar(255) NOT NULL
) ENGINE=InnoDB DEFAULT CHARSET=latin1;

--
-- Déchargement des données de la table `Batiment`
--

INSERT INTO `Batiment` (`name`, `login`, `password`) VALUES
('CS', 'cs@gmail.com', '8c2761f548808cfd6690f1c1683a17af4f19c943'),
('INFO', 'info@gmail.com', '190ad117728105eef8bbe1b3c67030bdb688b7e8'),
('RT', 'rt@gmail.com', '80e2bec6b49972be3128492b425caee9d73aebb3');

-- --------------------------------------------------------

--
-- Structure de la table `Capteur`
--

CREATE TABLE `Capteur` (
  `bate` varchar(4) DEFAULT NULL,
  `type` varchar(15) NOT NULL,
  `room` varchar(4) NOT NULL,
  `idcapt` int(11) NOT NULL
) ENGINE=InnoDB DEFAULT CHARSET=latin1;

--
-- Déchargement des données de la table `Capteur`
--

INSERT INTO `Capteur` (`bate`, `type`, `room`, `idcapt`) VALUES
('RT', 'temperature', 'E208', 1),
('RT', 'co2', 'E208', 2),
('RT', 'luminosite', 'E208', 3),
('RT', 'temperature', 'E207', 4),
('RT', 'co2', 'E207', 5),
('RT', 'luminosite', 'E207', 6),
('INFO', 'temperature', 'B208', 7),
('INFO', 'co2', 'B208', 8),
('INFO', 'luminosite', 'B208', 9),
('INFO', 'temperature', 'B207', 10),
('INFO', 'co2', 'B207', 11),
('INFO', 'luminosite', 'B207', 12);

-- --------------------------------------------------------

--
-- Structure de la table `Mesure`
--

CREATE TABLE `Mesure` (
  `date` date NOT NULL,
  `hours` time NOT NULL,
  `idmesu` int(11) NOT NULL
) ENGINE=InnoDB DEFAULT CHARSET=latin1;

--
-- Déchargement des données de la table `Mesure`
--

INSERT INTO `Mesure` (`date`, `hours`, `idmesu`) VALUES
('2022-06-06', '18:40:27', 1),
('2022-06-06', '18:40:28', 2),
('2022-06-06', '18:40:29', 3),
('2022-06-06', '18:40:30', 4),
('2022-06-06', '18:40:31', 5),
('2022-06-06', '18:40:32', 6),
('2022-06-06', '18:40:33', 7),
('2022-06-06', '18:40:34', 8),
('2022-06-06', '18:40:35', 9),
('2022-06-06', '18:40:36', 10),
('2022-06-06', '18:40:37', 11),
('2022-06-06', '18:40:39', 12),
('2022-06-06', '18:40:55', 13),
('2022-06-06', '18:40:56', 14),
('2022-06-06', '18:40:57', 15),
('2022-06-06', '18:40:58', 16),
('2022-06-06', '18:40:59', 17),
('2022-06-06', '18:41:00', 18),
('2022-06-06', '18:41:01', 19),
('2022-06-06', '18:41:02', 20),
('2022-06-06', '18:41:03', 21),
('2022-06-06', '18:41:04', 22),
('2022-06-06', '18:41:05', 23),
('2022-06-06', '18:41:06', 24),
('2022-06-06', '19:02:02', 25),
('2022-06-06', '19:02:03', 26),
('2022-06-06', '19:02:04', 27),
('2022-06-06', '19:02:05', 28),
('2022-06-06', '19:02:06', 29),
('2022-06-06', '19:02:07', 30),
('2022-06-06', '19:02:08', 31),
('2022-06-06', '19:02:09', 32),
('2022-06-06', '19:02:10', 33),
('2022-06-06', '19:02:11', 34),
('2022-06-06', '19:02:12', 35),
('2022-06-06', '19:02:13', 36),
('2022-06-06', '20:02:02', 37),
('2022-06-06', '20:02:03', 38),
('2022-06-06', '20:02:04', 39),
('2022-06-06', '20:02:05', 40),
('2022-06-06', '20:02:06', 41),
('2022-06-06', '20:02:07', 42),
('2022-06-06', '20:02:08', 43),
('2022-06-06', '20:02:09', 44),
('2022-06-06', '20:02:10', 45),
('2022-06-06', '20:02:11', 46),
('2022-06-06', '20:02:12', 47),
('2022-06-06', '20:02:13', 48),
('2022-06-06', '21:02:02', 49),
('2022-06-06', '21:02:03', 50),
('2022-06-06', '21:02:04', 51),
('2022-06-06', '21:02:05', 52),
('2022-06-06', '21:02:06', 53),
('2022-06-06', '21:02:07', 54),
('2022-06-06', '21:02:08', 55),
('2022-06-06', '21:02:09', 56),
('2022-06-06', '21:02:10', 57),
('2022-06-06', '21:02:11', 58),
('2022-06-06', '21:02:12', 59),
('2022-06-06', '21:02:13', 60),
('2022-06-06', '23:02:02', 61),
('2022-06-06', '23:02:03', 62),
('2022-06-06', '23:02:04', 63),
('2022-06-06', '23:02:05', 64),
('2022-06-06', '23:02:06', 65),
('2022-06-06', '23:02:07', 66),
('2022-06-06', '23:02:08', 67),
('2022-06-06', '23:02:09', 68),
('2022-06-06', '23:02:10', 69),
('2022-06-06', '23:02:11', 70),
('2022-06-06', '23:02:12', 71),
('2022-06-06', '23:02:13', 72),
('2022-06-07', '00:02:02', 73),
('2022-06-07', '00:02:03', 74),
('2022-06-07', '00:02:04', 75),
('2022-06-07', '00:02:05', 76),
('2022-06-07', '00:02:06', 77),
('2022-06-07', '00:02:07', 78),
('2022-06-07', '00:02:08', 79),
('2022-06-07', '00:02:09', 80),
('2022-06-07', '00:02:10', 81),
('2022-06-07', '00:02:11', 82),
('2022-06-07', '00:02:12', 83),
('2022-06-07', '00:02:13', 84),
('2022-06-18', '17:02:02', 85),
('2022-06-18', '17:02:03', 86),
('2022-06-18', '17:02:04', 87),
('2022-06-18', '17:02:05', 88),
('2022-06-18', '17:02:06', 89),
('2022-06-18', '17:02:07', 90),
('2022-06-18', '17:02:08', 91),
('2022-06-18', '17:02:09', 92),
('2022-06-18', '17:02:10', 93),
('2022-06-18', '17:02:11', 94),
('2022-06-18', '17:02:12', 95),
('2022-06-18', '17:02:13', 96),
('2022-06-18', '17:35:02', 97),
('2022-06-18', '17:35:03', 98),
('2022-06-18', '17:35:04', 99),
('2022-06-18', '17:35:05', 100),
('2022-06-18', '17:35:06', 101),
('2022-06-18', '17:35:07', 102),
('2022-06-18', '17:35:08', 103),
('2022-06-18', '17:35:09', 104),
('2022-06-18', '17:35:10', 105),
('2022-06-18', '17:35:11', 106),
('2022-06-18', '17:35:12', 107),
('2022-06-18', '17:35:13', 108),
('2022-06-19', '09:30:03', 109),
('2022-06-19', '09:30:04', 110),
('2022-06-19', '09:30:05', 111),
('2022-06-19', '09:30:06', 112),
('2022-06-19', '09:30:07', 113),
('2022-06-19', '09:30:08', 114),
('2022-06-19', '09:30:09', 115),
('2022-06-19', '09:30:10', 116),
('2022-06-19', '09:30:11', 117),
('2022-06-19', '09:30:12', 118),
('2022-06-19', '09:30:13', 119),
('2022-06-19', '09:30:14', 120),
('2022-06-19', '09:35:02', 121),
('2022-06-19', '09:35:03', 122),
('2022-06-19', '09:35:04', 123),
('2022-06-19', '09:35:05', 124),
('2022-06-19', '09:35:06', 125),
('2022-06-19', '09:35:07', 126),
('2022-06-19', '09:35:08', 127),
('2022-06-19', '09:35:09', 128),
('2022-06-19', '09:35:10', 129),
('2022-06-19', '09:35:11', 130),
('2022-06-19', '09:35:12', 131),
('2022-06-19', '09:35:13', 132),
('2022-06-19', '09:40:02', 133),
('2022-06-19', '09:40:03', 134),
('2022-06-19', '09:40:04', 135),
('2022-06-19', '09:40:05', 136),
('2022-06-19', '09:40:06', 137),
('2022-06-19', '09:40:07', 138),
('2022-06-19', '09:40:08', 139),
('2022-06-19', '09:40:09', 140),
('2022-06-19', '09:40:10', 141),
('2022-06-19', '09:40:11', 142),
('2022-06-19', '09:40:12', 143),
('2022-06-19', '09:40:13', 144),
('2022-06-19', '09:45:02', 145),
('2022-06-19', '09:45:03', 146),
('2022-06-19', '09:45:04', 147),
('2022-06-19', '09:45:05', 148),
('2022-06-19', '09:45:06', 149),
('2022-06-19', '09:45:07', 150),
('2022-06-19', '09:45:08', 151),
('2022-06-19', '09:45:09', 152),
('2022-06-19', '09:45:10', 153),
('2022-06-19', '09:45:11', 154),
('2022-06-19', '09:45:12', 155),
('2022-06-19', '09:45:13', 156),
('2022-06-19', '09:50:02', 157),
('2022-06-19', '09:50:03', 158),
('2022-06-19', '09:50:04', 159),
('2022-06-19', '09:50:05', 160),
('2022-06-19', '09:50:06', 161),
('2022-06-19', '09:50:07', 162),
('2022-06-19', '09:50:08', 163),
('2022-06-19', '09:50:09', 164),
('2022-06-19', '09:50:10', 165),
('2022-06-19', '09:50:11', 166),
('2022-06-19', '09:50:12', 167),
('2022-06-19', '09:50:13', 168),
('2022-06-19', '09:55:02', 169),
('2022-06-19', '09:55:03', 170),
('2022-06-19', '09:55:04', 171),
('2022-06-19', '09:55:05', 172),
('2022-06-19', '09:55:06', 173),
('2022-06-19', '09:55:07', 174),
('2022-06-19', '09:55:08', 175),
('2022-06-19', '09:55:09', 176),
('2022-06-19', '09:55:10', 177),
('2022-06-19', '09:55:11', 178),
('2022-06-19', '09:55:12', 179),
('2022-06-19', '09:55:13', 180),
('2022-06-19', '10:00:02', 181),
('2022-06-19', '10:00:03', 182),
('2022-06-19', '10:00:04', 183),
('2022-06-19', '10:00:05', 184),
('2022-06-19', '10:00:06', 185),
('2022-06-19', '10:00:07', 186),
('2022-06-19', '10:00:08', 187),
('2022-06-19', '10:00:09', 188),
('2022-06-19', '10:00:10', 189),
('2022-06-19', '10:00:11', 190),
('2022-06-19', '10:00:12', 191),
('2022-06-19', '10:00:13', 192),
('2022-06-19', '10:05:02', 193),
('2022-06-19', '10:05:03', 194),
('2022-06-19', '10:05:04', 195),
('2022-06-19', '10:05:05', 196),
('2022-06-19', '10:05:06', 197),
('2022-06-19', '10:05:07', 198),
('2022-06-19', '10:05:08', 199),
('2022-06-19', '10:05:09', 200),
('2022-06-19', '10:05:10', 201),
('2022-06-19', '10:05:11', 202),
('2022-06-19', '10:05:12', 203),
('2022-06-19', '10:05:13', 204),
('2022-06-19', '10:10:02', 205),
('2022-06-19', '10:10:03', 206),
('2022-06-19', '10:10:04', 207),
('2022-06-19', '10:10:05', 208),
('2022-06-19', '10:10:06', 209),
('2022-06-19', '10:10:07', 210),
('2022-06-19', '10:10:08', 211),
('2022-06-19', '10:10:09', 212),
('2022-06-19', '10:10:10', 213),
('2022-06-19', '10:10:11', 214),
('2022-06-19', '10:10:12', 215),
('2022-06-19', '10:10:13', 216),
('2022-06-19', '11:05:02', 217),
('2022-06-19', '11:05:03', 218),
('2022-06-19', '11:05:05', 219),
('2022-06-19', '11:05:06', 220),
('2022-06-19', '11:05:07', 221),
('2022-06-19', '11:05:08', 222),
('2022-06-19', '11:05:09', 223),
('2022-06-19', '11:05:10', 224),
('2022-06-19', '11:05:11', 225),
('2022-06-19', '11:05:12', 226),
('2022-06-19', '11:05:13', 227),
('2022-06-19', '11:05:14', 228),
('2022-06-19', '12:05:02', 229),
('2022-06-19', '12:05:03', 230),
('2022-06-19', '12:05:04', 231),
('2022-06-19', '12:05:05', 232),
('2022-06-19', '12:05:06', 233),
('2022-06-19', '12:05:07', 234),
('2022-06-19', '12:05:08', 235),
('2022-06-19', '12:05:09', 236),
('2022-06-19', '12:05:10', 237),
('2022-06-19', '12:05:11', 238),
('2022-06-19', '12:05:12', 239),
('2022-06-19', '12:05:13', 240),
('2022-06-19', '13:05:02', 241),
('2022-06-19', '13:05:03', 242),
('2022-06-19', '13:05:04', 243),
('2022-06-19', '13:05:05', 244),
('2022-06-19', '13:05:06', 245),
('2022-06-19', '13:05:07', 246),
('2022-06-19', '13:05:08', 247),
('2022-06-19', '13:05:09', 248),
('2022-06-19', '13:05:10', 249),
('2022-06-19', '13:05:11', 250),
('2022-06-19', '13:05:12', 251),
('2022-06-19', '13:05:13', 252),
('2022-06-19', '14:05:02', 253),
('2022-06-19', '14:05:03', 254),
('2022-06-19', '14:05:04', 255),
('2022-06-19', '14:05:05', 256),
('2022-06-19', '14:05:06', 257),
('2022-06-19', '14:05:07', 258),
('2022-06-19', '14:05:08', 259),
('2022-06-19', '14:05:09', 260),
('2022-06-19', '14:05:10', 261),
('2022-06-19', '14:05:11', 262),
('2022-06-19', '14:05:12', 263),
('2022-06-19', '14:05:13', 264),
('2022-06-19', '15:05:02', 265),
('2022-06-19', '15:05:03', 266),
('2022-06-19', '15:05:05', 267),
('2022-06-19', '15:05:06', 268),
('2022-06-19', '15:05:07', 269),
('2022-06-19', '15:05:08', 270),
('2022-06-19', '15:05:09', 271),
('2022-06-19', '15:05:10', 272),
('2022-06-19', '15:05:11', 273),
('2022-06-19', '15:05:12', 274),
('2022-06-19', '15:05:13', 275),
('2022-06-19', '15:05:14', 276),
('2022-06-19', '16:05:02', 277),
('2022-06-19', '16:05:03', 278),
('2022-06-19', '16:05:04', 279),
('2022-06-19', '16:05:05', 280),
('2022-06-19', '16:05:06', 281),
('2022-06-19', '16:05:07', 282),
('2022-06-19', '16:05:08', 283),
('2022-06-19', '16:05:09', 284),
('2022-06-19', '16:05:10', 285),
('2022-06-19', '16:05:11', 286),
('2022-06-19', '16:05:12', 287),
('2022-06-19', '16:05:13', 288);

-- --------------------------------------------------------

--
-- Structure de la table `Valeur`
--

CREATE TABLE `Valeur` (
  `idmesu` int(11) NOT NULL,
  `idcap` int(11) NOT NULL,
  `value` int(5) NOT NULL
) ENGINE=InnoDB DEFAULT CHARSET=latin1;

--
-- Déchargement des données de la table `Valeur`
--

INSERT INTO `Valeur` (`idmesu`, `idcap`, `value`) VALUES
(1, 1, 26),
(2, 2, 55),
(3, 3, 780),
(4, 4, 21),
(5, 5, 56),
(6, 6, 709),
(7, 7, 24),
(8, 8, 76),
(9, 9, 634),
(10, 10, 22),
(11, 11, 74),
(12, 12, 794),
(13, 1, 25),
(14, 2, 77),
(15, 3, 716),
(16, 4, 22),
(17, 5, 84),
(18, 6, 610),
(19, 7, 23),
(20, 8, 81),
(21, 9, 613),
(22, 10, 25),
(23, 11, 73),
(24, 12, 655),
(25, 1, 24),
(26, 2, 62),
(27, 3, 714),
(28, 4, 28),
(29, 5, 70),
(30, 6, 718),
(31, 7, 22),
(32, 8, 68),
(33, 9, 770),
(34, 10, 23),
(35, 11, 76),
(36, 12, 694),
(37, 1, 25),
(38, 2, 55),
(39, 3, 672),
(40, 4, 22),
(41, 5, 63),
(42, 6, 621),
(43, 7, 23),
(44, 8, 84),
(45, 9, 676),
(46, 10, 19),
(47, 11, 55),
(48, 12, 736),
(49, 1, 22),
(50, 2, 58),
(51, 3, 728),
(52, 4, 29),
(53, 5, 70),
(54, 6, 754),
(55, 7, 24),
(56, 8, 73),
(57, 9, 746),
(58, 10, 26),
(59, 11, 70),
(60, 12, 609),
(61, 1, 23),
(62, 2, 67),
(63, 3, 737),
(64, 4, 26),
(65, 5, 73),
(66, 6, 679),
(67, 7, 20),
(68, 8, 59),
(69, 9, 779),
(70, 10, 24),
(71, 11, 63),
(72, 12, 712),
(73, 1, 27),
(74, 2, 64),
(75, 3, 703),
(76, 4, 26),
(77, 5, 73),
(78, 6, 747),
(79, 7, 19),
(80, 8, 61),
(81, 9, 747),
(82, 10, 29),
(83, 11, 55),
(84, 12, 607),
(85, 1, 19),
(86, 2, 75),
(87, 3, 795),
(88, 4, 24),
(89, 5, 82),
(90, 6, 778),
(91, 7, 27),
(92, 8, 55),
(93, 9, 749),
(94, 10, 26),
(95, 11, 82),
(96, 12, 781),
(97, 1, 26),
(98, 2, 75),
(99, 3, 739),
(100, 4, 27),
(101, 5, 78),
(102, 6, 724),
(103, 7, 26),
(104, 8, 55),
(105, 9, 689),
(106, 10, 28),
(107, 11, 57),
(108, 12, 766),
(109, 1, 26),
(110, 2, 69),
(111, 3, 632),
(112, 4, 29),
(113, 5, 71),
(114, 6, 785),
(115, 7, 28),
(116, 8, 75),
(117, 9, 775),
(118, 10, 25),
(119, 11, 76),
(120, 12, 632),
(121, 1, 21),
(122, 2, 61),
(123, 3, 660),
(124, 4, 29),
(125, 5, 80),
(126, 6, 625),
(127, 7, 24),
(128, 8, 82),
(129, 9, 745),
(130, 10, 22),
(131, 11, 57),
(132, 12, 697),
(133, 1, 20),
(134, 2, 77),
(135, 3, 607),
(136, 4, 27),
(137, 5, 83),
(138, 6, 699),
(139, 7, 22),
(140, 8, 67),
(141, 9, 609),
(142, 10, 24),
(143, 11, 67),
(144, 12, 634),
(145, 1, 20),
(146, 2, 75),
(147, 3, 610),
(148, 4, 29),
(149, 5, 66),
(150, 6, 715),
(151, 7, 21),
(152, 8, 61),
(153, 9, 606),
(154, 10, 19),
(155, 11, 84),
(156, 12, 724),
(157, 1, 27),
(158, 2, 82),
(159, 3, 620),
(160, 4, 28),
(161, 5, 62),
(162, 6, 639),
(163, 7, 21),
(164, 8, 62),
(165, 9, 608),
(166, 10, 29),
(167, 11, 73),
(168, 12, 632),
(169, 1, 29),
(170, 2, 81),
(171, 3, 684),
(172, 4, 29),
(173, 5, 65),
(174, 6, 707),
(175, 7, 22),
(176, 8, 73),
(177, 9, 734),
(178, 10, 20),
(179, 11, 72),
(180, 12, 788),
(181, 1, 23),
(182, 2, 55),
(183, 3, 670),
(184, 4, 24),
(185, 5, 70),
(186, 6, 666),
(187, 7, 22),
(188, 8, 60),
(189, 9, 673),
(190, 10, 29),
(191, 11, 62),
(192, 12, 796),
(193, 1, 21),
(194, 2, 75),
(195, 3, 735),
(196, 4, 22),
(197, 5, 67),
(198, 6, 663),
(199, 7, 27),
(200, 8, 77),
(201, 9, 790),
(202, 10, 24),
(203, 11, 81),
(204, 12, 724),
(205, 1, 25),
(206, 2, 81),
(207, 3, 769),
(208, 4, 27),
(209, 5, 62),
(210, 6, 728),
(211, 7, 19),
(212, 8, 81),
(213, 9, 606),
(214, 10, 29),
(215, 11, 80),
(216, 12, 735),
(217, 1, 24),
(218, 2, 71),
(219, 3, 798),
(220, 4, 27),
(221, 5, 60),
(222, 6, 677),
(223, 7, 24),
(224, 8, 73),
(225, 9, 743),
(226, 10, 26),
(227, 11, 57),
(228, 12, 710),
(229, 1, 27),
(230, 2, 57),
(231, 3, 776),
(232, 4, 24),
(233, 5, 57),
(234, 6, 614),
(235, 7, 24),
(236, 8, 81),
(237, 9, 702),
(238, 10, 24),
(239, 11, 65),
(240, 12, 632),
(241, 1, 24),
(242, 2, 63),
(243, 3, 601),
(244, 4, 19),
(245, 5, 65),
(246, 6, 706),
(247, 7, 21),
(248, 8, 68),
(249, 9, 665),
(250, 10, 25),
(251, 11, 55),
(252, 12, 760),
(253, 1, 19),
(254, 2, 60),
(255, 3, 618),
(256, 4, 28),
(257, 5, 74),
(258, 6, 654),
(259, 7, 27),
(260, 8, 72),
(261, 9, 770),
(262, 10, 29),
(263, 11, 66),
(264, 12, 706),
(265, 1, 21),
(266, 2, 73),
(267, 3, 769),
(268, 4, 19),
(269, 5, 67),
(270, 6, 743),
(271, 7, 23),
(272, 8, 56),
(273, 9, 759),
(274, 10, 26),
(275, 11, 76),
(276, 12, 743),
(277, 1, 28),
(278, 2, 67),
(279, 3, 713),
(280, 4, 25),
(281, 5, 73),
(282, 6, 656),
(283, 7, 20),
(284, 8, 68),
(285, 9, 662),
(286, 10, 26),
(287, 11, 59),
(288, 12, 784);

--
-- Index pour les tables déchargées
--

--
-- Index pour la table `Administration`
--
ALTER TABLE `Administration`
  ADD PRIMARY KEY (`login`);

--
-- Index pour la table `Batiment`
--
ALTER TABLE `Batiment`
  ADD PRIMARY KEY (`name`);

--
-- Index pour la table `Capteur`
--
ALTER TABLE `Capteur`
  ADD PRIMARY KEY (`idcapt`),
  ADD KEY `bate` (`bate`);

--
-- Index pour la table `Mesure`
--
ALTER TABLE `Mesure`
  ADD PRIMARY KEY (`idmesu`);

--
-- Index pour la table `Valeur`
--
ALTER TABLE `Valeur`
  ADD KEY `idmesu` (`idmesu`),
  ADD KEY `idcap` (`idcap`);

--
-- AUTO_INCREMENT pour les tables déchargées
--

--
-- AUTO_INCREMENT pour la table `Capteur`
--
ALTER TABLE `Capteur`
  MODIFY `idcapt` int(11) NOT NULL AUTO_INCREMENT, AUTO_INCREMENT=13;

--
-- AUTO_INCREMENT pour la table `Mesure`
--
ALTER TABLE `Mesure`
  MODIFY `idmesu` int(11) NOT NULL AUTO_INCREMENT, AUTO_INCREMENT=289;

--
-- Contraintes pour les tables déchargées
--

--
-- Contraintes pour la table `Capteur`
--
ALTER TABLE `Capteur`
  ADD CONSTRAINT `Capteur_ibfk_1` FOREIGN KEY (`bate`) REFERENCES `Batiment` (`name`);

--
-- Contraintes pour la table `Valeur`
--
ALTER TABLE `Valeur`
  ADD CONSTRAINT `Valeur_ibfk_1` FOREIGN KEY (`idcap`) REFERENCES `Capteur` (`idcapt`),
  ADD CONSTRAINT `Valeur_ibfk_2` FOREIGN KEY (`idmesu`) REFERENCES `Mesure` (`idmesu`);
COMMIT;

/*!40101 SET CHARACTER_SET_CLIENT=@OLD_CHARACTER_SET_CLIENT */;
/*!40101 SET CHARACTER_SET_RESULTS=@OLD_CHARACTER_SET_RESULTS */;
/*!40101 SET COLLATION_CONNECTION=@OLD_COLLATION_CONNECTION */;
